{
	"IcoMoonType": "selection",
	"icons": [
		{
			"icon": {
				"paths": [
					"M950.857 859.429v-438.857q-18.286 20.571-39.429 37.714-153.143 117.714-243.429 193.143-29.143 24.571-47.429 38.286t-49.429 27.714-58.571 14h-1.143q-27.429 0-58.571-14t-49.429-27.714-47.429-38.286q-90.286-75.429-243.429-193.143-21.143-17.143-39.429-37.714v438.857q0 7.429 5.429 12.857t12.857 5.429h841.143q7.429 0 12.857-5.429t5.429-12.857zM950.857 258.857v-14t-0.286-7.429-1.714-7.143-3.143-5.143-5.143-4.286-8-1.429h-841.143q-7.429 0-12.857 5.429t-5.429 12.857q0 96 84 162.286 110.286 86.857 229.143 181.143 3.429 2.857 20 16.857t26.286 21.429 25.429 18 28.857 15.714 24.571 5.143h1.143q11.429 0 24.571-5.143t28.857-15.714 25.429-18 26.286-21.429 20-16.857q118.857-94.286 229.143-181.143 30.857-24.571 57.429-66t26.571-75.143zM1024 237.714v621.714q0 37.714-26.857 64.571t-64.571 26.857h-841.143q-37.714 0-64.571-26.857t-26.857-64.571v-621.714q0-37.714 26.857-64.571t64.571-26.857h841.143q37.714 0 64.571 26.857t26.857 64.571z"
				],
				"width": 1024.0009956359863,
				"attrs": [],
				"isMulticolor": false,
				"tags": [
					"envelope-o"
				],
				"defaultCode": 61443,
				"grid": 14
			},
			"attrs": [],
			"properties": {
				"id": 3,
				"order": 6,
				"name": "mail",
				"prevSize": 28,
				"code": 61443
			},
			"setIdx": 0,
			"setId": 4,
			"iconIdx": 3
		},
		{
			"icon": {
				"paths": [
					"M804.571 708.571q0 15.429-5.714 40.286t-12 39.143q-12 28.571-69.714 60.571-53.714 29.143-106.286 29.143-15.429 0-30-2t-32.857-7.143-27.143-8.286-31.714-11.714-28-10.286q-56-20-100-47.429-73.143-45.143-151.143-123.143t-123.143-151.143q-27.429-44-47.429-100-1.714-5.143-10.286-28t-11.714-31.714-8.286-27.143-7.143-32.857-2-30q0-52.571 29.143-106.286 32-57.714 60.571-69.714 14.286-6.286 39.143-12t40.286-5.714q8 0 12 1.714 10.286 3.429 30.286 43.429 6.286 10.857 17.143 30.857t20 36.286 17.714 30.571q1.714 2.286 10 14.286t12.286 20.286 4 16.286q0 11.429-16.286 28.571t-35.429 31.429-35.429 30.286-16.286 26.286q0 5.143 2.857 12.857t4.857 11.714 8 13.714 6.571 10.857q43.429 78.286 99.429 134.286t134.286 99.429q1.143 0.571 10.857 6.571t13.714 8 11.714 4.857 12.857 2.857q10.286 0 26.286-16.286t30.286-35.429 31.429-35.429 28.571-16.286q8 0 16.286 4t20.286 12.286 14.286 10q14.286 8.571 30.571 17.714t36.286 20 30.857 17.143q40 20 43.429 30.286 1.714 4 1.714 12z"
				],
				"width": 804.5699625015259,
				"attrs": [],
				"isMulticolor": false,
				"tags": [
					"phone"
				],
				"defaultCode": 61589,
				"grid": 14
			},
			"attrs": [],
			"properties": {
				"id": 140,
				"order": 5,
				"name": "phone",
				"prevSize": 28,
				"code": 61589
			},
			"setIdx": 0,
			"setId": 4,
			"iconIdx": 140
		},
		{
			"icon": {
				"paths": [
					"M237.714 731.429q-37.714 0-64.571-26.857t-26.857-64.571v-402.286q0-37.714 26.857-64.571t64.571-26.857h621.714q37.714 0 64.571 26.857t26.857 64.571v402.286q0 37.714-26.857 64.571t-64.571 26.857h-621.714zM219.429 237.714v402.286q0 7.429 5.429 12.857t12.857 5.429h621.714q7.429 0 12.857-5.429t5.429-12.857v-402.286q0-7.429-5.429-12.857t-12.857-5.429h-621.714q-7.429 0-12.857 5.429t-5.429 12.857zM1005.714 768h91.429v54.857q0 22.857-26.857 38.857t-64.571 16h-914.286q-37.714 0-64.571-16t-26.857-38.857v-54.857h1005.714zM594.286 822.857q9.143 0 9.143-9.143t-9.143-9.143h-91.429q-9.143 0-9.143 9.143t9.143 9.143h91.429z"
				],
				"width": 1097.1438789367676,
				"attrs": [],
				"isMulticolor": false,
				"tags": [
					"laptop"
				],
				"defaultCode": 61705,
				"grid": 14
			},
			"attrs": [],
			"properties": {
				"id": 237,
				"order": 3,
				"name": "laptop",
				"prevSize": 28,
				"code": 61705
			},
			"setIdx": 0,
			"setId": 4,
			"iconIdx": 237
		},
		{
			"icon": {
				"paths": [
					"M928 512c17.674 0 32-14.328 32-32s-14.326-32-32-32h-96v-64h96c17.674 0 32-14.328 32-32s-14.326-32-32-32h-96v-96l-32-32h-96v-96c0-17.674-14.328-32-32-32s-32 14.326-32 32v96h-64v-96c0-17.674-14.328-32-32-32s-32 14.326-32 32v96h-64v-96c0-17.674-14.326-32-32-32s-32 14.326-32 32v96h-64v-96c0-17.674-14.326-32-32-32s-32 14.326-32 32v96h-96l-32 32v96h-96c-17.674 0-32 14.328-32 32s14.326 32 32 32h96v64h-96c-17.674 0-32 14.328-32 32s14.326 32 32 32h96v64h-96c-17.674 0-32 14.326-32 32s14.326 32 32 32h96v64h-96c-17.674 0-32 14.326-32 32s14.326 32 32 32h96v96l32 32h96v96c0 17.674 14.326 32 32 32s32-14.326 32-32v-96h64v96c0 17.674 14.326 32 32 32s32-14.326 32-32v-96h64v96c0 17.674 14.326 32 32 32 17.672 0 32-14.326 32-32v-96h64v96c0 17.674 14.326 32 32 32 17.672 0 32-14.326 32-32v-96h96l32-32v-96h96c17.674 0 32-14.326 32-32s-14.326-32-32-32h-96v-64h96c17.674 0 32-14.326 32-32s-14.326-32-32-32h-96v-64h96zM576 640h-192v-192h192v192z"
				],
				"attrs": [],
				"isMulticolor": false,
				"tags": [
					"chip",
					"cpu",
					"processor",
					"brain"
				],
				"defaultCode": 59930,
				"grid": 16
			},
			"attrs": [],
			"properties": {
				"order": 2,
				"prevSize": 16,
				"ligatures": "chip, cpu",
				"name": "chip",
				"id": 282,
				"code": 59930
			},
			"setIdx": 1,
			"setId": 3,
			"iconIdx": 282
		},
		{
			"icon": {
				"paths": [
					"M1014.512 790.512l-217.79-217.79c-41.53 9.522-86.882-1.864-119.232-34.212-32.35-32.35-43.734-77.704-34.212-119.232l-25.79-25.79c-22.060-22.062-76.82-4.308-130.744 39.516l-294.744-294.744-32-74.26-102.464-64-57.536 57.536 64 102.464 74.26 32 294.746 294.744c-43.826 53.926-61.58 108.684-39.52 130.744 0.006 0.006 0.012 0.010 0.018 0.016l25.774 25.774c41.53-9.522 86.882 1.862 119.232 34.212 32.352 32.352 43.736 77.704 34.212 119.232l217.788 217.79c25.952 25.95 97.13-3.158 158.988-65.016 61.856-61.856 90.962-133.038 65.014-158.984zM890.87 890.87c-7.42 7.42-17.144 11.13-26.87 11.13s-19.45-3.71-26.87-11.13l-320-320c-14.842-14.84-14.842-38.898 0-53.738 14.84-14.84 38.898-14.84 53.738 0l320 320c14.842 14.838 14.842 38.898 0.002 53.738z"
				],
				"attrs": [],
				"isMulticolor": false,
				"tags": [
					"screwdriver",
					"tool",
					"fix",
					"make",
					"build"
				],
				"defaultCode": 60268,
				"grid": 16
			},
			"attrs": [],
			"properties": {
				"order": 4,
				"prevSize": 16,
				"ligatures": "screwdriver2, tool8",
				"name": "screwdriver",
				"id": 620,
				"code": 60268
			},
			"setIdx": 1,
			"setId": 3,
			"iconIdx": 620
		},
		{
			"icon": {
				"paths": [
					"M819.2 448h-614.4c-28.262 0-51.2 22.938-51.2 51.2s22.938 51.2 51.2 51.2h614.4c28.314 0 51.2-22.938 51.2-51.2s-22.886-51.2-51.2-51.2zM204.8 345.6h614.4c28.314 0 51.2-22.938 51.2-51.2s-22.886-51.2-51.2-51.2h-614.4c-28.262 0-51.2 22.938-51.2 51.2s22.938 51.2 51.2 51.2zM819.2 652.8h-614.4c-28.262 0-51.2 22.886-51.2 51.2s22.938 51.2 51.2 51.2h614.4c28.314 0 51.2-22.886 51.2-51.2s-22.886-51.2-51.2-51.2z"
				],
				"attrs": [
					{}
				],
				"defaultCode": 58907,
				"grid": 0
			},
			"attrs": [
				{}
			],
			"properties": {
				"id": 28,
				"order": 1,
				"prevSize": 32,
				"code": 58907,
				"name": "menu"
			},
			"setIdx": 4,
			"setId": 0,
			"iconIdx": 28
		}
	],
	"height": 1024,
	"metadata": {
		"name": "icomoon"
	},
	"preferences": {
		"showGlyphs": true,
		"showQuickUse": true,
		"showQuickUse2": true,
		"showSVGs": true,
		"fontPref": {
			"prefix": "icon-",
			"metadata": {
				"fontFamily": "icomoon"
			},
			"metrics": {
				"emSize": 1024,
				"baseline": 6.25,
				"whitespace": 50
			},
			"embed": false
		},
		"imagePref": {
			"prefix": "icon-",
			"png": true,
			"useClassSelector": true,
			"classSelector": ".icon",
			"height": 32,
			"bgColor": 0,
			"color": 0,
			"columns": 16,
			"margin": 16
		},
		"historySize": 100,
		"showCodes": true,
		"search": "",
		"gridSize": 16
	}
}